<?xml version="1.0" encoding="UTF-8"?>
<project-private xmlns="http://www.netbeans.org/ns/project-private/1">
    <editor-bookmarks xmlns="http://www.netbeans.org/ns/editor-bookmarks/2" lastBookmarkId="0"/>
    <open-files xmlns="http://www.netbeans.org/ns/projectui-open-files/2">
        <group>
            <file>file:/C:/xampp/htdocs/VikingAcademy/public/sql/registry.sql</file>
            <file>file:/C:/xampp/htdocs/VikingAcademy/public/sql/VikingAcademy_schema.sql</file>
            <file>file:/C:/xampp/htdocs/VikingAcademy/public/sql/courses.sql</file>
            <file>file:/C:/xampp/htdocs/VikingAcademy/public/sql/admins.sql</file>
            <file>file:/C:/xampp/htdocs/VikingAcademy/public/sql/students.sql</file>
        </group>
    </open-files>
</project-private>
